RB_index,Power_W
0.000000000000000000e+00,5.444105350027285714e-06
1.000000000000000000e+00,3.666615046968816228e-03
2.000000000000000000e+00,9.797616973371154063e-05
