RB_index,power_W
0,6.993191708718375e-13
1,8.356139714623572e-13
2,1.607545608571602e-11
