snr_db,zf_beta_mean,zf_beta_std,zf_random_mean,zf_random_std,wmmse_alpha_beta_mean,wmmse_alpha_beta_std,mrt_single_mean,mrt_single_std
0.000000000000000000e+00,9.487276327286248261e+02,3.305995984674793249e+02,1.536517028363272459e+02,1.036142957422541429e+02,9.439025970555944696e+02,3.320210651957398795e+02,7.234895630571652418e+02,3.442805930725891699e+02
5.000000000000000000e+00,1.077748219638479895e+03,3.808456549317693884e+02,1.762006706827442883e+02,1.027918515509648074e+02,1.050737417361903681e+03,3.394072275618314620e+02,8.069407571771739640e+02,3.869969672294278666e+02
1.000000000000000000e+01,1.184644854247274907e+03,3.881450237554691967e+02,2.086342137219322410e+02,1.244445930917364080e+02,1.197332566325911330e+03,3.604093207900992866e+02,8.768120306469795651e+02,3.730509639878989105e+02
1.500000000000000000e+01,1.322851331064867509e+03,4.120382862726607414e+02,2.319386325133511377e+02,1.287604298458248593e+02,1.316429529781825522e+03,4.076928793590708437e+02,9.798244889983495796e+02,4.457057815054142793e+02
2.000000000000000000e+01,1.447256509820651218e+03,4.293132510446763490e+02,2.570571070847974511e+02,1.438738945574154400e+02,1.469125548178868939e+03,4.386502844142499384e+02,1.055338368924016549e+03,4.359664157349042739e+02
2.500000000000000000e+01,1.623102629521249355e+03,4.642078943128623223e+02,2.849654090300848566e+02,1.518441431128919419e+02,1.606687785793646526e+03,4.638891789745251231e+02,1.164500752572728516e+03,4.683448899245566963e+02
3.000000000000000000e+01,1.762325784925188373e+03,4.953494604698706212e+02,3.081557299934323169e+02,1.615645512522810066e+02,1.741645495980375244e+03,4.889402793199682833e+02,1.252905653009630896e+03,4.973180059041803815e+02
